{
  "index.html": 1622284758814,
  "Component.js": 1622478086346,
  "manifest.json": 1622479154574,
  "model/models.js": 1622284758818,
  "model/MyOperation.js": 1622479126528,
  "formatter/Formatter.js": 1622382731058,
  "controller/createPo.controller.js": 1622478167534,
  "model/PO_Data.json": 1622385957732,
  "manifest-bundle.zip": 1622479154280,
  "Component-preload.js": 1622479154517,
  "formatter/Formatter-dbg.js": 1622382731058,
  "model/MyOperation-dbg.js": 1622479126528,
  "model/models-dbg.js": 1622284758818,
  "controller/createPo-dbg.controller.js": 1622478167534,
  "Component-dbg.js": 1622478086346,
  "resources.json": 1622479154578,
  "view/createPo.view.xml": 1622469725479,
  "css/style.css": 1622284758814,
  "i18n/i18n.properties": 1622284758814
}