{
  "controller/View1.controller.js": 1602518932000,
  "controller/App.controller.js": 1602483111000,
  "manifest.json": 1602604210171,
  "model/models.js": 1602471999000,
  "model/OdataModelOperation.js": 1602483763000,
  "model/MyOperation.js": 1602519308000,
  "i18n/i18n.properties": 1602472090000,
  "controller/Create.controller.js": 1602519358000,
  "model/myData.json": 1602483822000,
  "Component.js": 1602483937000,
  "manifest-bundle.zip": 1602604209860,
  "Component-preload.js": 1602604210108,
  "model/OdataModelOperation-dbg.js": 1602483763000,
  "controller/Create-dbg.controller.js": 1602519358000,
  "controller/App-dbg.controller.js": 1602483111000,
  "model/models-dbg.js": 1602471999000,
  "controller/View1-dbg.controller.js": 1602518932000,
  "model/MyOperation-dbg.js": 1602519308000,
  "Component-dbg.js": 1602483937000,
  "resources.json": 1602604210174,
  "view/View1.view.xml": 1602519492000,
  "view/Create.view.xml": 1602516793000,
  "view/App.view.xml": 1602486760000,
  "css/style.css": 1602471999000,
  "index.html": 1602471999000
}