{
  "controller/Create-dbg.controller.js": 1621323320854,
  "model/myData.json": 1602483822000,
  "manifest.json": 1622479151778,
  "model/models.js": 1602471999000,
  "model/OdataModelOperation.js": 1602483763000,
  "model/MyOperation.js": 1622042688233,
  "controller/View1.controller.js": 1602518932000,
  "controller/Create.controller.js": 1621323320854,
  "controller/App.controller.js": 1602483111000,
  "Component.js": 1622042759354,
  "manifest-bundle.zip": 1622479151380,
  "Component-preload.js": 1622479151690,
  "model/models-dbg.js": 1602471999000,
  "model/OdataModelOperation-dbg.js": 1602483763000,
  "model/MyOperation-dbg.js": 1622042688233,
  "controller/View1-dbg.controller.js": 1602518932000,
  "i18n/i18n.properties": 1602472090000,
  "controller/App-dbg.controller.js": 1602483111000,
  "Component-dbg.js": 1622042759354,
  "resources.json": 1622479151782,
  "view/View1.view.xml": 1621498914332,
  "view/Create.view.xml": 1621324455035,
  "view/App.view.xml": 1602486760000,
  "css/style.css": 1602471999000,
  "index.html": 1602471999000
}