{
  "welcomeFile": "/index.html",
  "authenticationMethod": "route",
  "logout": {
    "logoutEndpoint": "/do/logout"
  },
  "routes": [
      {
        "source": "^/OData_bookstore/(.*)$",
        "target": "$1",
        "destination": "OData_bookstore_wiwynn1_v2",
        "authenticationType": "none"
    },
    {
        "source": "^/Northwind/(.*)$",
        "target": "$1",
        "csrfProtection": false,
        "destination": "Northwind",
        "authenticationType": "none"
    },
    {
      "source": "^(.*)$",
      "target": "$1",
      "service": "html5-apps-repo-rt",
      "authenticationType": "xsuaa"
    }
  ]
}
