{
  "Component.js": 1622476044686,
  "manifest.json": 1622479157557,
  "model/myApprovalData.json": 1622469393676,
  "model/models.js": 1622390393186,
  "model/ContextModel.js": 1622472287772,
  "controller/approve.controller.js": 1622390393194,
  "i18n/i18n.properties": 1622470262324,
  "manifest-bundle.zip": 1622479157197,
  "Component-preload.js": 1622479157467,
  "model/ContextModel-dbg.js": 1622472287772,
  "model/models-dbg.js": 1622390393186,
  "controller/approve-dbg.controller.js": 1622390393194,
  "Component-dbg.js": 1622476044686,
  "resources.json": 1622479157560,
  "view/approve.view.xml": 1622477219671,
  "css/style.css": 1622390393186,
  "index.html": 1622390393182
}